<?xml version="1.0" encoding="UTF-8" ?>
<!DOCTYPE mapper
  PUBLIC "-//mybatis.org//DTD Mapper 3.0//EN"
  "http://mybatis.org/dtd/mybatis-3-mapper.dtd">

<mapper namespace="dao.MemberDAO">
	<resultMap type="memberVO" id="memberMap">
   		<result column="id" property="id"/>
		<result column="name" property="name"/>
		<result column="password" property="password"/>
		<result column="gender" property="gender"/>
		<result column="tel" property="tel"/>
		<result column="email" property="email"/>
		<result column="openbank" property="openBank"/>
		<result column="post" property="post"/>
		<result column="basic_addr" property="addr"/>
		<result column="detail_addr" property="datailaddr"/>
		<result column="regdate" property="regDate"/>
	</resultMap>

	<insert id="insertMember" parameterType="MemberVO">
		insert into pjt_customer(id, name, password, gender, tel, email, post, basic_addr, detail_addr)
		 values(#{id}, #{name}, #{password}, #{gender}, #{tel}, #{email}, #{post}, #{addr}, #{detailaddr})
	</insert>
	
	<update id="updateOpenBank" parameterType="string">
		update pjt_customer set  openbank = 'T' where id = #{id}
	</update>

	<sql id="selectAll">
		select id, name, password, gender, tel, email, openbank, post, basic_addr, detail_addr, to_char(regdate, 'YYYY/MM/DD') regDate
		from pjt_customer
	</sql>

	<select id="selectById" resultType="MemberVO" parameterType="MemberVO">
		<include refid="selectAll" />
		where id = #{id}
	</select>
	
	<select id="getById" resultType="MemberVO" parameterType="string">
		<include refid="selectAll" />
		 where id = #{id}
	</select>
	
	<select id="selectByName" resultType="MemberVO" parameterType="MemberVO">
		<include refid="selectAll" />
		where name = #{name} and email = #{email}
	</select>
	

	
</mapper>