<?xml version="1.0" encoding="UTF-8" ?>
<!DOCTYPE configuration
  PUBLIC "-//mybatis.org//DTD Config 3.0//EN"
  "http://mybatis.org/dtd/mybatis-3-config.dtd">
<configuration>
  <properties resource="db.properties" />
  
  <typeAliases>
  	<typeAlias type="kr.ac.kopo.vo.MemberVO" alias="MemberVO"/>
  	<typeAlias type="kr.ac.kopo.vo.AccountVO" alias="AccountVO"/>
  	<typeAlias type="kr.ac.kopo.vo.BoardVO" alias="BoardVO"/>
  	<typeAlias type="kr.ac.kopo.vo.BankVO" alias="BankVO"/>
  	<typeAlias type="kr.ac.kopo.vo.HistoryVO" alias="HistoryVO"/>
  </typeAliases>

  <environments default="development">
    <environment id="development">
      <transactionManager type="JDBC"/>
      <dataSource type="POOLED">
        <property name="driver" value="${jdbc.driver}"/>
        <property name="url" value="${jdbc.url}"/>
        <property name="username" value="${jdbc.username}"/>
        <property name="password" value="${jdbc.password}"/>
      </dataSource>
    </environment>
  </environments>
  
  <mappers>
  	<mapper resource="db/mapper/member.xml"/>
  	<mapper resource="db/mapper/account.xml"/>
  	<mapper resource="db/mapper/board.xml"/>
  	<mapper resource="db/mapper/bank.xml"/>
  	<mapper resource="db/mapper/history.xml"/>
  </mappers>
</configuration>