<?xml version="1.0" encoding="UTF-8" ?>
<!DOCTYPE mapper
  PUBLIC "-//mybatis.org//DTD Mapper 3.0//EN"
  "http://mybatis.org/dtd/mybatis-3-mapper.dtd">

<mapper namespace="dao.AccountDAO">
	<resultMap type="AccountVO" id="accountMap">
   		<result column="accountno" property="accountNo"/>
		<result column="bank_code" property="bankCode"/>
		<result column="id" property="id"/>
		<result column="tel" property="tel"/>
		<result column="type" property="type"/>
		<result column="name" property="name"/>
		<result column="password" property="password"/>
		<result column="balance" property="balance"/>
	</resultMap>

	<insert id="insertAccount" parameterType="AccountVO">
		insert into pjt_account(accountno, id, tel, type, name, password)
		 values(#{accountNo}, #{id}, #{tel}, #{type}, #{name}, #{password})
	</insert>
	

	<sql id="selectAll">
		select * from pjt_account
	</sql>
	
	
	<select id="selectById" resultType="AccountVO" parameterType="string">
		<include refid="selectAll" />
		where tel = #{tel}
	</select>
	
	<select id="selectById1" resultType="AccountVO" parameterType="string">
		select account_number as accountno, bank_code as bankCode, id, tel, 'jBank' as type, '모임 통장' as name, account_password as password, balance
		 from jbank_account@D001
		 where tel = #{tel}
	</select>
	
	<select id="selectById2" resultType="AccountVO" parameterType="string">
		select accountnum as accountno, bankcode as bankCode, id, phonenumber as tel, 'SUNNY뱅크' as type, alias as name, accpwd as password, balance
		 from account@D002
		 where phonenumber = #{tel}
	</select>
	
	<select id="selectById4" resultType="AccountVO" parameterType="string">
		select account as accountno, bank_code as bankCode, id, balance, 'MORE뱅크' as type, account_name as name, account_pw as password
		 from account@D004
		 where tel = #{tel}
	</select>
	 

	
	<select id="selectOne" resultType="AccountVO" parameterType="string">
		<include refid="selectAll" />
		where accountno = #{accountno}
	</select>
	
	
	<update id="minusTransfer" parameterType="map">
		update pjt_account set balance = balance - to_number(#{balance}) where accountno = #{accountNo}
	</update>
	<update id="plusTransfer" parameterType="map">
		update pjt_account set balance = balance + to_number(#{balance}) where accountno = #{accountNo}
	</update>


	<update id="minusTransferOther" parameterType="map">
		update pjt_account set balance = balance - to_number(#{balance}) where accountno = #{accountNo}
	</update>
	<update id="plusTransferOther4" parameterType="map">
		update account@${bankCode} set balance = balance + to_number(#{balance}) where account = #{accountNo}
	</update>
	<update id="plusTransferOther2" parameterType="map">
		update account@${bankCode} set balance = balance + to_number(#{balance}) where accountnum = #{accountNo}
	</update>
	<update id="plusTransferOther1" parameterType="map">
		update jbank_account@${bankCode} set balance = balance + to_number(#{balance}) where account_number = #{accountNo}
	</update>

<!-- 

	<select id="selectAllBoard" resultType="boardVO">
		<include refid="selectAll" />
		order by no desc
	</select>
	
	<select id="selectByNo" resultType="boardVO" parameterType="int">
		<include refid="selectAll" />
		where no = #{no}
	</select>
	
	
	<select id="selectByNo3" parameterType="boardVO" resultMap="boardMap">
		select * from t_board
		where no = #{no}
	</select>
	
	<select id="selectWhere" resultType="boardVO" parameterType="string">
		<include refid="selectAll" />
		where title like '%' || #{title} || '%'
		where title like '%${title}%'
	</select>
	
	<select id="selectWhere2" resultType="boardVO" parameterType="string">
		<include refid="selectAll" />
		<where>
			<if test="title != null">
				title = #{title}			
			</if>
			<if test="writer != null">
				and writer = #{writer}
			</if>
		</where>
	</select>
	
	<select id="selectNos" parameterType="boardVO" resultType="boardVO">
		<include refid="selectAll" />
		where no in
		<foreach collection="nos" item="bno" open="(" separator="," close=")">
			#{bno}
		</foreach>
	</select>
	
	<select id="selectNos2" parameterType="int[]" resultType="boardVO">
		<include refid="selectAll" />
		where no in
		<foreach collection="array" item="arr" open="(" separator="," close=")">
			#{arr}
		</foreach>
	</select>
	
	<select id="selectMap" parameterType="map" resultType="boardVO">
		<include refid="selectAll" />
		where title = #{title} and writer = #{writer}
	</select>
	
	<select id="selectMap2" parameterType="int" resultType="map">
		<include refid="selectAll" />
		where no = #{no}
	</select> -->
	
</mapper>