<?xml version="1.0" encoding="UTF-8" ?>
<!DOCTYPE mapper
  PUBLIC "-//mybatis.org//DTD Mapper 3.0//EN"
  "http://mybatis.org/dtd/mybatis-3-mapper.dtd">

<mapper namespace="dao.BankDAO">
	<resultMap type="BankVO" id="bankMap">
   		<result column="bank_code" property="bankCode"/>
		<result column="bank_name" property="bankName"/>
		<result column="establish" property="establish"/>
	</resultMap>


	<sql id="selectAll">
		select * from pjt_bank
	</sql>
	
	
	<select id="selectByName" resultMap="bankMap" parameterType="string">
		<include refid="selectAll" />
		 where bank_name = #{bankName}
	</select>
	

<!-- 

	<select id="selectAllBoard" resultType="boardVO">
		<include refid="selectAll" />
		order by no desc
	</select>
	
	<select id="selectByNo" resultType="boardVO" parameterType="int">
		<include refid="selectAll" />
		where no = #{no}
	</select>
	
	
	<select id="selectByNo3" parameterType="boardVO" resultMap="boardMap">
		select * from t_board
		where no = #{no}
	</select>
	
	<select id="selectWhere" resultType="boardVO" parameterType="string">
		<include refid="selectAll" />
		where title like '%' || #{title} || '%'
		where title like '%${title}%'
	</select>
	
	<select id="selectWhere2" resultType="boardVO" parameterType="string">
		<include refid="selectAll" />
		<where>
			<if test="title != null">
				title = #{title}			
			</if>
			<if test="writer != null">
				and writer = #{writer}
			</if>
		</where>
	</select>
	
	<select id="selectNos" parameterType="boardVO" resultType="boardVO">
		<include refid="selectAll" />
		where no in
		<foreach collection="nos" item="bno" open="(" separator="," close=")">
			#{bno}
		</foreach>
	</select>
	
	<select id="selectNos2" parameterType="int[]" resultType="boardVO">
		<include refid="selectAll" />
		where no in
		<foreach collection="array" item="arr" open="(" separator="," close=")">
			#{arr}
		</foreach>
	</select>
	
	<select id="selectMap" parameterType="map" resultType="boardVO">
		<include refid="selectAll" />
		where title = #{title} and writer = #{writer}
	</select>
	
	<select id="selectMap2" parameterType="int" resultType="map">
		<include refid="selectAll" />
		where no = #{no}
	</select> -->
	
</mapper>