<?xml version="1.0" encoding="UTF-8" ?>
<!DOCTYPE mapper
  PUBLIC "-//mybatis.org//DTD Mapper 3.0//EN"
  "http://mybatis.org/dtd/mybatis-3-mapper.dtd">

<mapper namespace="dao.BoardDAO">
	<resultMap type="boardVO" id="boardMap">
   		<result column="no" property="no"/>
		<result column="groupno" property="groupNo"/>
		<result column="orderno" property="orderNo"/>
		<result column="parent" property="parent"/>
		<result column="title" property="title"/>
		<result column="writer" property="writer"/>
		<result column="content" property="content"/>
		<result column="view_cnt" property="viewCnt"/>
		<result column="regdate" property="regDate"/>
	</resultMap>

	<insert id="insertBoard" parameterType="BoardVO">
		insert into pjt_board(no, groupno, title, writer, content)
		 values(seq_pjt_board_no.nextval, seq_pjt_board_groupno.nextval, #{title}, #{writer}, #{content})
	</insert>
	
	<insert id="insertCommentBoard" parameterType="BoardVO">
		insert into pjt_board(no, groupno, orderno, parent, title, writer, content)
		 values(seq_pjt_board_no.nextval, ${groupNo}, ${orderNo}+1, ${parent}, '        ㄴ(댓글) '||#{title}, #{writer}, #{content})
	</insert>
	

	<sql id="selectAll">
		select no, groupno, orderno, parent, title, writer, content, view_cnt viewCnt, to_char(regdate, 'YYYY/MM/DD') regDate 
		 from pjt_board
	</sql>
	
	
	<select id="selectAllBoard" resultType="BoardVO">
		<include refid="selectAll" />
	</select>
	
	<update id="updateViewCnt" parameterType="int">
		update pjt_board set view_cnt = view_cnt + 1 where no = #{no}
	</update>

	<select id="selectOneBoard" parameterType="int" resultType="BoardVO">
		<include refid="selectAll" />
		 where no = #{no}
	</select>
	
	
<!-- 	
	<select id="selectById" resultType="AccountVO" parameterType="string">
		<include refid="selectAll" />
		where id = #{id}
	</select>
	
	<select id="selectOne" resultType="AccountVO" parameterType="string">
		<include refid="selectAll" />
		where accountno = #{accountno}
	</select>

 -->
</mapper>