<?xml version="1.0" encoding="UTF-8" ?>
<!DOCTYPE mapper
  PUBLIC "-//mybatis.org//DTD Mapper 3.0//EN"
  "http://mybatis.org/dtd/mybatis-3-mapper.dtd">

<mapper namespace="dao.HistoryDAO">
	<resultMap type="memberVO" id="memberMap">
   		<result column="no" property="no"/>
		<result column="accountno" property="accountNO"/>
		<result column="sendname" property="sendName"/>
		<result column="opponentacc" property="opponentAcc"/>
		<result column="amount" property="amount"/>
		<result column="sendbalance" property="sendBalance"/>
		<result column="regdate" property="regDate"/>
		<result column="regtime" property="regTime"/>
	</resultMap>

	<insert id="insertHis" parameterType="map">
		insert into pjt_transfer_history(no, accountno, sendname, opponentacc, amount, sendbalance)
		 values(seq_pjt_transfer_history_no.nextval, #{sendAccount}, #{sendId}, #{receiveAccount}, to_number(#{money}), to_number(#{sendBalance}))
	</insert>
	

	<sql id="selectAll">
		select *
		from pjt_transfer_history
	</sql>
	
	<select id="selectHis" resultType="HistoryVO" parameterType="string">
		<include refid="selectAll" />
		 where accountno = #{ accountNo } or opponentacc = #{accountNo}
		 order by no desc
	</select>
	
    <insert id="insertTransfer2" parameterType="map" statementType="CALLABLE">
       {call p_withdraw_tr@D002(
          '0003', #{sendAccount}, #{receiveAccount},'sun', #{money}, '타행이체')
       }
    </insert>
    
    <insert id="insertTransfer1" parameterType="map" statementType="CALLABLE">
       insert into transferhistory@D001(no, accountno, sendname, opponentacc, amount, sendbalance)
		 values(transferhistory1.nextval@D001, #{receiveAccount}, #{sendId}, #{sendAccount}, to_number(#{money}), to_number(#{sendBalance}))
    </insert>
    

	
</mapper>